
DROP TABLE IF EXISTS "coffee", "origin", "disponibility", "caracteristic";

CREATE TABLE IF NOT EXISTS "origin" (
  "id" INTEGER GENERATED BY DEFAULT AS IDENTITY PRIMARY KEY,
  "name" TEXT NOT NULL,
  "created_at"  TIMESTAMPTZ NOT NULL DEFAULT CURRENT_TIMESTAMP,
  "updated_at"  TIMESTAMPTZ
);

CREATE TABLE IF NOT EXISTS "disponibility" (
  "id" INTEGER GENERATED BY DEFAULT AS IDENTITY PRIMARY KEY,
  "dispo" TEXT NOT NULL,
  "created_at"  TIMESTAMPTZ NOT NULL DEFAULT CURRENT_TIMESTAMP,
  "updated_at"  TIMESTAMPTZ
);

CREATE TABLE IF NOT EXISTS "caracteristic" (
  "id" INTEGER GENERATED BY DEFAULT AS IDENTITY PRIMARY KEY,
  "carac" TEXT NOT NULL,
  "created_at"  TIMESTAMPTZ NOT NULL DEFAULT CURRENT_TIMESTAMP,
  "updated_at"  TIMESTAMPTZ
);

CREATE TABLE IF NOT EXISTS "coffee" (
  "id" INTEGER GENERATED BY DEFAULT AS IDENTITY PRIMARY KEY,
  "name" TEXT,
  "description" TEXT,
  "reference" INT,
  "origin_id" INTEGER,
  "price_kilo" REAL NOT NULL,
  "caracteristic_id" INTEGER,
  "disponibility_id" INTEGER,
  "created_at"  TIMESTAMPTZ NOT NULL DEFAULT CURRENT_TIMESTAMP,
  "updated_at"  TIMESTAMPTZ,

  FOREIGN KEY ("origin_id") REFERENCES "origin"("id") ON DELETE CASCADE,
  FOREIGN KEY ("caracteristic_id") REFERENCES "caracteristic"("id") ON DELETE CASCADE,
  FOREIGN KEY ("disponibility_id") REFERENCES "disponibility"("id") ON DELETE CASCADE
);

set client_encoding to utf8;

INSERT INTO "origin"("id","name") VALUES
(1,'Italie'),
(2,'Colombie'),
(3,'Éthiopie'),
(4,'Brésil'),
(5,'Guatemala'),
(6,'Kenya'),
(7,'Indonésie'),
(8,'Costa Rica'),
(9,'Vietnam'),
(10,'Tanzanie'),
(11,'Jamaïque'),
(12,'Rwanda'),
(13,'Panama'),
(14,'Pérou'),
(15,'Hawaï'),
(16,'Nicaragua');

INSERT INTO "disponibility"("id","dispo") VALUES
(1,'Oui'),
(2,'Non');

INSERT INTO "caracteristic"("id","carac") VALUES
(1,'Acide'),
(2,'Chocolaté'),
(3,'Corsé'),
(4,'Doux'),
(5,'Épicé'),
(6,'Fruité');

INSERT INTO "coffee"("id","name", "description", "reference", "origin_id", "price_kilo", "caracteristic_id", "disponibility_id") VALUES
(1,'Espresso', 'L''espresso est une préparation de café d''origine italienne, réputée pour sa richesse et son intensité. Il est réalisé en faisant passer de l''eau chaude sous haute pression à travers une fine couche de café finement moulu. Le résultat est un petit café, généralement servi dans une tasse de 30 à 40 ml, avec une crème dorée sur le dessus, signe de sa qualité. L''espresso est souvent considéré comme la base de nombreuses autres boissons à base de café, comme le cappuccino ou le latte, et est apprécié pour son goût puissant, ses arômes intenses et son caractère concentré. Café fort et concentré préparé en faisant passer de l''eau chaude à travers du café finement moulu.',100955890,1,20.99,3,1),

(2,'Columbian', 'Le café colombien est l''un des plus célèbres et des plus appréciés au monde, reconnu pour sa qualité exceptionnelle et son goût riche. Cultivé principalement dans les régions montagneuses de la Colombie, sous des conditions idéales de climat et d''altitude, il bénéficie d''un terroir unique. Le café colombien est souvent décrit comme ayant un profil équilibré, avec des notes fruitées, florales et légèrement acidulées. Sa douceur et sa douceur en bouche, accompagnées d''une faible amertume, en font un café particulièrement agréable et facile à boire. Grâce à des méthodes de culture et de récolte rigoureuses, il est souvent classé parmi les meilleurs cafés arabica disponibles sur le marché mondial. Café moyennement corsé avec une acidité vive et une saveur riche.',100955894,2,18.75,1,1),

(3,'Ethiopian Yirgacheffe', 'Le café Ethiopian Yirgacheffe est l''un des cafés les plus prestigieux et distinctifs au monde. Cultivé dans la région de Yirgacheffe, située dans le sud de l''Éthiopie, ce café est souvent considéré comme l''essence même du café arabica. Les conditions de culture uniques, notamment l''altitude élevée et le climat tempéré, contribuent à son profil de saveurs exceptionnel. Le Yirgacheffe est réputé pour ses arômes floraux complexes et ses notes fruitées, souvent décrites comme étant citronnées, avec une acidité lumineuse et une douceur délicate. Sa texture est généralement légère à moyenne, et il peut présenter des nuances de jasmin, de bergamote ou de fruits tropicaux. Ce café est prisé des connaisseurs pour sa pureté et sa capacité à refléter la richesse du terroir éthiopien, souvent considéré comme le berceau du café. Réputé pour son arôme floral, son acidité vive et ses notes de saveur citronnée.',105589090,3,22.50,6,1),

(4,'Brazilian Santos', 'Le Brazilian Santos est l''un des cafés les plus populaires et les plus cultivés au monde, originaire du Brésil, le plus grand producteur de café. Il porte le nom du port de Santos, qui est le principal point d''exportation du pays. Ce café est généralement cultivé dans des régions de basse et moyenne altitude, offrant un profil de saveur doux et équilibré. Le Brazilian Santos est souvent caractérisé par une faible acidité, avec des notes de noix, de chocolat, et parfois une subtile touche de fruits secs. Sa texture est veloutée et sa saveur plutôt douce, ce qui en fait un excellent choix pour les amateurs de café qui préfèrent une tasse ronde et accessible. Grâce à sa douceur et à son absence d''amertume marquée, il est souvent utilisé dans des mélanges ou dégusté seul pour une expérience agréable et facile à boire. Café doux et lisse avec un profil de saveur de noisette.',134009550,4,17.80,4,1),

(5,'Guatemalan Antigua', 'Le Guatemalan Antigua est un café d''exception, reconnu pour sa richesse et son profil complexe. Cultivé dans la région d''Antigua, au Guatemala, une zone montagneuse entourée de volcans, ce café bénéficie d''un terroir unique, avec des sols volcaniques fertiles et un climat idéal. Le Guatemalan Antigua est souvent apprécié pour son équilibre parfait entre une acidité vive et une douceur en bouche. Il présente des arômes floraux et fruités, avec des notes de caramel, de chocolat noir, et parfois une légère touche d''épices. Sa structure est généralement moyenne à forte, offrant une tasse pleine et harmonieuse, avec une belle longueur en bouche. Ce café est particulièrement apprécié par les connaisseurs pour sa complexité et sa capacité à offrir une expérience de dégustation à la fois riche et raffinée. Café corsé avec des nuances chocolatées et une pointe d''épice.',256505890,5,21.25,3,1),

(6,'Kenyan AA', 'Le Kenyan AA est un café de haute qualité, cultivé principalement dans les régions montagneuses du Kenya, à des altitudes comprises entre 1 500 et 2 100 mètres. Le "AA" fait référence à une classification qui indique les grains de café de meilleure qualité, issus des zones les plus élevées. Ce café est réputé pour sa vivacité et son acidité brillante, caractéristiques qui en font l''un des cafés les plus recherchés au monde.

Le Kenyan AA est souvent décrit comme ayant un profil de saveur très complexe, avec des notes fruitées intenses, notamment des saveurs de cassis, de framboise, et parfois de citrus. Il présente également des nuances florales et une légère note de vin, ce qui lui confère une profondeur remarquable. Sa texture est généralement soyeuse, avec une longueur en bouche impressionnante et une finale propre et nette. Ce café est idéal pour ceux qui recherchent une tasse de café pleine de caractère, avec une acidité prononcée et un goût rafraîchissant. Café complexe connu pour son acidité rappelant le vin et ses saveurs fruitées.',295432730,6,23.70,1,1),

(7,'Sumatra Mandheling', 'Le Sumatra Mandheling est un café d''exception, originaire de l''île indonésienne de Sumatra, particulièrement apprécié pour ses caractéristiques uniques. Ce café est souvent cultivé dans les régions montagneuses du nord de l''île, dans un climat tropical humide, idéal pour la culture de cafés de qualité. Ce qui distingue le Sumatra Mandheling, c''est sa méthode de traitement appelée "wet-hulling" (ou Giling Basah), qui donne au café son profil particulier, souvent très différent des cafés arabica traités de manière traditionnelle.

Le Sumatra Mandheling se distingue par son corps plein, sa faible acidité et ses saveurs terreuses et épicées. Il peut offrir des notes de chocolat, de tabac, de bois, de cuir, et parfois même des touches d''herbes ou de poivre. Ce café est souvent décrit comme ayant un goût "sombre", avec une texture veloutée et une longueur en bouche marquée. En raison de son profil de saveur riche et profond, il est idéal pour les amateurs de cafés robustes, souvent utilisés dans des mélanges ou dégustés seuls pour une expérience caféinée puissante et satisfaisante. Café profond et terreux avec un corps lourd et une faible acidité.',302932754,7,19.95,3,1),

(8,'Costa Rican Tarrazu', '
Le café Costa Rican Tarrazú est l''un des cafés les plus renommés au monde, apprécié pour sa qualité exceptionnelle et son goût distinctif. Cultivé dans la région montagneuse de Tarrazú, au cœur du Costa Rica, ce café bénéficie d''un climat idéal et d''un sol volcanique riche qui lui confèrent une complexité de saveurs unique. Ce café est souvent décrit comme ayant une acidité vive, une douceur délicate et des notes de fruits rouges, de caramel et parfois de noix ou de chocolat. Grâce à ses conditions de culture optimales et aux méthodes de récolte et de traitement soignées, le Tarrazú est un café de spécialité prisé par les amateurs et les experts du monde entier. C’est un véritable symbole du savoir-faire costaricien dans le domaine du café. Café vif et net avec une finition propre et une acidité vive.',327302954,8,24.50,1,1),


(9,'Vietnamese Robusta', 'Le Vietnamese Robusta est un café robuste cultivé principalement au Vietnam, qui est l''un des plus grands producteurs mondiaux de Robusta. Ce café se distingue par son goût puissant et sa forte teneur en caféine. Il présente des notes de bois, de terre et parfois de chocolat amer, avec une acidité faible et une texture épaisse. Moins doux que l''arabica, il est souvent utilisé dans des mélanges, notamment pour les cafés expresso, en raison de sa capacité à produire une crémeuse mousse et une saveur plus corsée. Café audacieux et fort avec une saveur robuste distinctive.',549549090,9,16.75,5,1),

(10,'Tanzanian Peaberry', 'Le Tanzanian Peaberry est un café unique, provenant de la région montagneuse du nord de la Tanzanie, en particulier autour du mont Kilimandjaro. Contrairement aux grains de café classiques, où deux grains se forment dans chaque cerise, le Peaberry se compose d’un seul grain, souvent plus dense et plus rond. Ce phénomène donne au café une saveur plus concentrée et plus complexe.

Le Tanzanian Peaberry est apprécié pour son acidité vive, ses notes de fruits tropicaux, de citron vert, et parfois de framboise, accompagnées d’un corps moyen et d''une longueur en bouche agréable. Sa palette aromatique est à la fois fructée et florale, ce qui en fait un café dynamique et rafraîchissant. Ce café est idéal pour les amateurs d’arabica recherchant un profil de saveur à la fois vif et complexe. Acidité vive avec un profil de saveur rappelant le vin et un corps moyen.',582954954,10,26.80,6,1),

(11,'Jamaican Blue Mountain', 'Le Jamaican Blue Mountain est l''un des cafés les plus renommés et recherchés au monde, cultivé dans les montagnes Blue Mountains de la Jamaïque, à une altitude élevée et dans des conditions climatiques idéales. Ce café est célèbre pour sa douceur, son équilibre parfait et son absence d''amertume. Il présente des arômes délicats de fleurs, de fruits et de noix, accompagnés de notes subtiles de chocolat et une acidité douce.

Sa texture est généralement légère à moyenne, avec une longueur en bouche agréable et une finishing propre. Le Jamaican Blue Mountain est apprécié des connaisseurs pour sa pureté, son raffinement et son goût complexe mais harmonieux. En raison de sa rareté et de son processus de production minutieux, il est souvent considéré comme l''un des cafés les plus prestigieux et les plus chers au monde. Reconnu pour sa saveur douce, son acidité vive et son absence d''amertume.',589100954,11,39.25,4,1),

(12,'Rwandan Bourbon', 'Le Rwandan Bourbon est un café cultivé principalement dans les hauts plateaux du Rwanda, sur des sols volcaniques riches et dans des conditions climatiques idéales. Il est issu de la variété Bourbon, une des plus appréciées parmi les arabicas. Ce café se distingue par son profil équilibré, avec une acidité douce et des notes fruitées typiques, comme des nuances de cassis, de citrus et parfois de pomme verte.

Le Rwandan Bourbon offre une texture soyeuse et un corps moyen, avec une longueur en bouche agréable. Il est également reconnu pour sa complexité et ses arômes floraux subtils, en faisant un café raffiné et agréable à déguster. Ce café est prisé pour sa capacité à allier fraîcheur, douceur et profondeur. Café avec des notes florales prononcées, une acidité vive et un corps moyen.',650753915,12,21.90,6,1),

(13,'Panamanian Geisha', 'Le Panamanian Geisha est l’un des cafés les plus prestigieux et recherchés au monde, réputé pour sa complexité aromatique exceptionnelle. Cultivé principalement dans la région de Boquete, au Panama, ce café est souvent considéré comme l''une des meilleures variétés d''arabica disponibles. Le Geisha est connu pour ses arômes floraux et fruités, avec des notes distinctes de jasmin, de bergamote, de pêche, de mangue et parfois de framboise.

Son acidité vive et sa texture légère à soyeuse lui confèrent une sensation de fraîcheur, tandis que sa longueur en bouche est propre et complexe. Ce café est prisé pour sa capacité à offrir une expérience de dégustation raffinée et subtile. En raison de sa rareté et de son goût unique, le Panamanian Geisha est souvent vendu à des prix élevés et est un véritable délice pour les amateurs de café d''exception. Café rare aux arômes floraux complexes, une acidité brillante et un profil de saveur distinctif.',795501340,13,42.00,6,1),

(14,'Peruvian Arabica', 'Le Peruvian Arabica est un café de haute qualité cultivé dans les montagnes des Andes au Pérou, dans des conditions idéales de climat et de sol. Ce café est apprécié pour son profil doux et équilibré, avec une acidité légère et des notes florales et fruitées. Il peut offrir des saveurs de pomme verte, de citrus, et parfois des touches de miel ou de noix.

Le Peruvian Arabica est généralement léger à moyen en corps, avec une texture soyeuse et une longueur en bouche agréable et propre. Il est souvent décrit comme un café raffiné et facile à boire, idéal pour ceux qui recherchent un goût subtil et naturel. Ce café est souvent cultivé de manière biologique, ce qui ajoute à sa réputation d’être respectueux de l’environnement. Café équilibré avec des notes de chocolat, une acidité modérée et un corps velouté.',954589100,14,19.40,2,2),

(15,'Hawaiian Kona', 'Le Hawaiian Kona est un café de renommée mondiale, cultivé sur les pentes des volcans de l''île de Hawaii, dans la région de Kona. Ce café bénéficie d''un terroir unique, caractérisé par un sol volcanique riche et un climat tropical idéal. Le Kona est connu pour son profil doux et bien équilibré, avec une acidité modérée et des notes de noisette, de chocolat, et parfois de fruits tropicaux ou de miel.

Sa texture est généralement moyenne à légère, offrant une longueur en bouche soyeuse et agréable. Le Hawaiian Kona est souvent considéré comme un café raffiné et facile à apprécier, avec une douceur naturelle qui le rend particulièrement populaire auprès des amateurs de café à la recherche d''un goût délicat et équilibré. En raison de sa production limitée et de son processus de récolte minutieux, le Kona est l''un des cafés les plus prisés et coûteux au monde. Café rare au goût riche, une acidité douce et des nuances subtiles.',958090105,15,55.75,4,2),

(16,'Nicaraguan Maragogipe', 'Le Nicaraguan Maragogipe est un café spécial cultivé au Nicaragua, connu pour ses grains particulièrement grands et sa qualité exceptionnelle. Cette variété de café, souvent appelée "l''éléphant du café" en raison de la taille impressionnante de ses grains, offre un profil doux et équilibré avec une acidité légère et un corps moyen. 

Le Nicaraguan Maragogipe est apprécié pour ses saveurs subtiles de chocolat, de noix, et parfois de fruits rouges ou de caramel, qui lui confèrent une complexité agréable. Sa texture est soyeuse, et sa longueur en bouche est douce et agréable, avec une finition propre. Ce café est idéal pour ceux qui recherchent un goût raffiné, doux, mais avec suffisamment de profondeur pour offrir une expérience de dégustation plaisante. Café avec des notes de fruits, une acidité vive et un corps plein.',691550753,16,28.60,6,2);
